-- Manual insertions

--Departments
insert into Departments (did, dname) values (1, 'Product Management');
insert into Departments (did, dname) values (2, 'Legal');
insert into Departments (did, dname) values (3, 'Training');
insert into Departments (did, dname) values (4, 'Human Resources');
insert into Departments (did, dname) values (5, 'Services');
insert into Departments (did, dname) values (6, 'Accounting');
insert into Departments (did, dname) values (7, 'Product Management');
insert into Departments (did, dname) values (8, 'Research and Development');
insert into Departments (did, dname) values (9, 'Services');
insert into Departments (did, dname) values (10, 'Engineering');
insert into Departments (did, dname) values (11, 'Human Resources');
insert into Departments (did, dname) values (12, 'Human Resources');
insert into Departments (did, dname) values (13, 'Product Management');
insert into Departments (did, dname) values (14, 'Sales');
insert into Departments (did, dname) values (15, 'Research and Development');

--Employees
insert into Employees (ename, email, mobile_num, role, did) values ('Harmon', 'hsalmons0@about.com', '228-522-9018', 'Junior', 2);
insert into Employees (ename, email, mobile_num, role, did) values ('Phelia', 'pfrain1@ustream.tv', '267-458-8830', 'Senior', 12);
insert into Employees (ename, email, mobile_num, role, did) values ('Carlie', 'cchuter2@yolasite.com', '209-753-9805', 'Senior', 13);
insert into Employees (ename, email, mobile_num, role, did) values ('Darcy', 'dgoracci3@nymag.com', '292-756-6824', 'Manager', 1);
insert into Employees (ename, email, mobile_num, role, did) values ('Carlen', 'cmcrobb4@shutterfly.com', '518-799-1538', 'Junior', 9);
insert into Employees (ename, email, mobile_num, role, did) values ('Oliy', 'omcgifford5@foxnews.com', '107-139-2328', 'Senior', 8);
insert into Employees (ename, email, mobile_num, role, did) values ('Louie', 'lvaughanhughes6@so-net.ne.jp', '972-606-7549', 'Senior', 9);
insert into Employees (ename, email, mobile_num, role, did) values ('Debra', 'djane7@patch.com', '333-831-1507', 'Junior', 12);
insert into Employees (ename, email, mobile_num, role, did) values ('Conrado', 'cotley8@rakuten.co.jp', '670-264-7373', 'Senior', 11);
insert into Employees (ename, email, mobile_num, role, did) values ('Yul', 'ymacknocker9@g.co', '544-211-6100', 'Junior', 2);
insert into Employees (ename, email, mobile_num, role, did) values ('Sim', 'sgrestiea@jimdo.com', '930-123-1582', 'Manager', 6);
insert into Employees (ename, email, mobile_num, role, did) values ('Albie', 'aalimanb@nbcnews.com', '142-157-9418', 'Junior', 8);
insert into Employees (ename, email, mobile_num, role, did) values ('Guenevere', 'griccac@wordpress.org', '148-403-7184', 'Junior', 14);
insert into Employees (ename, email, mobile_num, role, did) values ('Conny', 'cboerderd@github.com', '722-203-4289', 'Manager', 6);
insert into Employees (ename, email, mobile_num, role, did) values ('Tab', 'tvallerinee@prnewswire.com', '299-853-0573', 'Junior', 12);
insert into Employees (ename, email, mobile_num, role, did) values ('Rodrick', 'rizatf@wikipedia.org', '820-586-3017', 'Junior', 1);
insert into Employees (ename, email, mobile_num, role, did) values ('Leontyne', 'lpateg@yolasite.com', '426-698-5089', 'Junior', 14);
insert into Employees (ename, email, mobile_num, role, did) values ('Estella', 'ebarnetth@engadget.com', '322-712-9156', 'Manager', 6);
insert into Employees (ename, email, mobile_num, role, did) values ('Elisha', 'ewandeni@reuters.com', '561-696-4695', 'Junior', 12);
insert into Employees (ename, email, mobile_num, role, did) values ('Gavra', 'gcommonj@prweb.com', '117-773-0040', 'Senior', 5);
insert into Employees (ename, email, mobile_num, role, did) values ('Tonye', 'tgrunwaldk@technorati.com', '965-153-0237', 'Senior', 2);
insert into Employees (ename, email, mobile_num, role, did) values ('Faunie', 'fbudnkl@slate.com', '272-701-0076', 'Junior', 12);
insert into Employees (ename, email, mobile_num, role, did) values ('Samantha', 'sbaudichonm@phpbb.com', '313-753-1584', 'Senior', 1);
insert into Employees (ename, email, mobile_num, role, did) values ('Abey', 'ahigbinn@domainmarket.com', '184-586-6133', 'Manager', 6);
insert into Employees (ename, email, mobile_num, role, did) values ('Adrian', 'astandbrookeo@weibo.com', '808-667-8434', 'Junior', 5);
insert into Employees (ename, email, mobile_num, role, did) values ('Hanson', 'hventomp@theatlantic.com', '963-790-0271', 'Senior', 13);
insert into Employees (ename, email, mobile_num, role, did) values ('Guillaume', 'gcatheeq@shutterfly.com', '205-699-9944', 'Junior', 4);
insert into Employees (ename, email, mobile_num, role, did) values ('Sonnie', 'sdevonsr@last.fm', '820-459-8958', 'Junior', 12);
insert into Employees (ename, email, mobile_num, role, did) values ('Thia', 'tkillwicks@reverbnation.com', '559-109-0662', 'Senior', 9);
insert into Employees (ename, email, mobile_num, role, did) values ('Scottie', 'solubyt@fc2.com', '872-427-7550', 'Junior', 3);
insert into Employees (ename, email, mobile_num, role, did) values ('Kelvin', 'kbulpittu@businessweek.com', '162-758-4470', 'Senior', 6);
insert into Employees (ename, email, mobile_num, role, did) values ('Porty', 'pfullerlovev@jalbum.net', '237-149-0621', 'Manager', 12);
insert into Employees (ename, email, mobile_num, role, did) values ('Misti', 'mhurstw@desdev.cn', '184-941-8179', 'Senior', 11);
insert into Employees (ename, email, mobile_num, role, did) values ('Nowell', 'njorisx@yellowpages.com', '732-279-7175', 'Junior', 15);
insert into Employees (ename, email, mobile_num, role, did) values ('Danika', 'dcraggy@marketwatch.com', '363-495-9170', 'Manager', 7);
insert into Employees (ename, email, mobile_num, role, did) values ('Marysa', 'mgreatbankz@paginegialle.it', '984-738-4096', 'Junior', 8);
insert into Employees (ename, email, mobile_num, role, did) values ('Astrix', 'akinson10@answers.com', '939-705-0389', 'Senior', 10);
insert into Employees (ename, email, mobile_num, role, did) values ('Mile', 'mclempton11@istockphoto.com', '440-254-1188', 'Senior', 4);
insert into Employees (ename, email, mobile_num, role, did) values ('Ted', 'tfabb12@thetimes.co.uk', '604-383-2945', 'Junior', 10);
insert into Employees (ename, email, mobile_num, role, did) values ('Ailbert', 'amarlon13@latimes.com', '618-542-3680', 'Senior', 11);
insert into Employees (ename, email, mobile_num, role, did) values ('Mabel', 'mcheake14@google.es', '632-240-3577', 'Junior', 2);
insert into Employees (ename, email, mobile_num, role, did) values ('Eyde', 'enowakowski15@prlog.org', '609-148-7900', 'Junior', 3);
insert into Employees (ename, email, mobile_num, role, did) values ('Dion', 'dsouthway16@tinyurl.com', '518-521-4318', 'Senior', 11);
insert into Employees (ename, email, mobile_num, role, did) values ('Bondy', 'brubenovic17@reddit.com', '395-331-8144', 'Junior', 3);
insert into Employees (ename, email, mobile_num, role, did) values ('Linzy', 'lmcgettrick18@joomla.org', '890-109-7554', 'Junior', 9);
insert into Employees (ename, email, mobile_num, role, did) values ('Gabriel', 'ginold19@jalbum.net', '158-407-5909', 'Senior', 6);
insert into Employees (ename, email, mobile_num, role, did) values ('Boony', 'bdot1a@odnoklassniki.ru', '303-402-9208', 'Senior', 3);
insert into Employees (ename, email, mobile_num, role, did) values ('Rem', 'rkemson1b@oakley.com', '442-660-0095', 'Manager', 13);
insert into Employees (ename, email, mobile_num, role, did) values ('Meryl', 'mnorbury1c@bluehost.com', '183-753-4531', 'Senior', 6);
insert into Employees (ename, email, mobile_num, role, did) values ('Julieta', 'jebourne1d@ning.com', '620-542-6070', 'Senior', 11);

--Booker

-- To test if Junior employee can be inserted into Booker --> Should show "INSERT 0 0"
insert into Booker (eid) values (1);
/*
insert into Booker (eid) values (1);
insert into Booker (eid) values (2);
insert into Booker (eid) values (3);
insert into Booker (eid) values (6);
insert into Booker (eid) values (7);
insert into Booker (eid) values (9);
insert into Booker (eid) values (11);
insert into Booker (eid) values (14);
insert into Booker (eid) values (18);
insert into Booker (eid) values (24);
insert into Booker (eid) values (32);

--Senior
insert into Senior (eid) values (2);
insert into Senior (eid) values (3);
insert into Senior (eid) values (6);
insert into Senior (eid) values (7);
insert into Senior (eid) values (9);

--Manager
insert into Manager (eid) values (11);
insert into Manager (eid) values (14);
insert into Manager (eid) values (18);
insert into Manager (eid) values (24);
insert into Manager (eid) values (32);
*/


--Meeting_Rooms
INSERT INTO Meeting_Rooms (floor,room, rname ,did)
VALUES
  (2,7,'France',5),
  (4,7,'Sweden',12),
  (5,6,'Ireland',6),
  (2,6,'Ireland',4),
  (7,1,'Spain',1);

--Books
insert into Books (eid, date, time, floor, room) values (1, '2022-01-01', '12:00:00', 2, 7); --junior fails to book room
insert into Books (eid, date, time, floor, room) values (3, '2022-01-01', '01:00:00', 4, 7); --senior books
insert into Books (eid, date, time, floor, room) values (4, '2022-01-01', '01:00:00', 5, 6); --manager books
insert into Books (eid, date, time, floor, room) values (6, '2022-01-01', '01:00:00', 2, 6); --senior books
insert into Books (eid, date, time, floor, room) values (7, '2022-01-01', '01:00:00', 7, 1); --senior books
--auto join trigger works for bookers

--Joins
--insert into Joins (eid, date, time, floor, room) values (1, '2022-01-01', '01:00:00', 2, 7);
insert into Joins (eid, date, time, floor, room) values (8, '2022-01-01', '01:00:00', 4, 7);
insert into Joins (eid, date, time, floor, room) values (9, '2022-01-01', '01:00:00', 5, 6);
insert into Joins (eid, date, time, floor, room) values (10, '2022-01-01', '01:00:00', 2, 6);
insert into Joins (eid, date, time, floor, room) values (5, '2022-01-01', '01:00:00', 7, 1);

--Approves
insert into Approves (aid, date, time, floor, room) values (32, '2022-01-01', '01:00:00', 4, 7); --manager approves
insert into Approves (aid, date, time, floor, room) values (1, '2022-01-01', '01:00:00', 4, 7); --junior cannot approve
insert into Approves (aid, date, time, floor, room) values (7, '2022-01-01', '01:00:00', 4, 7); --senior cannot approve
insert into Approves (aid, date, time, floor, room) values (11, '2022-01-01', '01:00:00', 4, 7); --different dpt cannot approve
insert into Approves (aid, date, time, floor, room) values (11, '2022-01-01', '01:00:00', 5, 6); --manager approves
insert into Approves (aid, date, time, floor, room) values (4, '2022-01-01', '01:00:00', 7, 1); --manager approves

--Functions
Call add_employee('weihowe', '87222555', 'Junior', 1);
Call add_employee('yap', '1919192-3', 'Senior', 2);
Call add_employee('jim', '1111112333', 'Manager', 3);
Call add_employee('jon', '11112233', 'Manager', 4);
Call add_employee('FrenchGuy', '00000', 'Manager', 5);

--Call remove_employee(51, TO_DATE('17/12/2015', 'DD/MM/YYYY')); -- weihowe RESIGNS

--jon functions
Call book_room(2, 7, '2022-01-01', '01:00:00', '10:00:00', 2); --should work and it does
Call unbook_room(2, 7, '2022-01-01', '02:00:00', '04:00:00', 2); --should work and it does
Call join_meeting(2, 7, '2022-01-01', '04:00:00', '08:00:00', 12); --should work and it does
Call leave_meeting(2, 7, '2022-01-01', '05:00:00', '07:00:00', 12); --should work and it does
Call approve_meeting(2, 7, '2022-01-01', '04:00:00', '10:00:00', 2); --should not work (not manager) and it doesn't
Call approve_meeting(2, 7, '2022-01-01', '04:00:00', '10:00:00', 55); --should work and it does
--
Call add_room(1, 1, 'France', 5, 1, 4, '1/11/2021');
--zh functions
--add and remove department works
Call add_department(369, 'salakau');
Call add_department(108, 'an soon tong');
Call add_department(555, 'hahaha');
Call remove_department(555);

Call declare_health(1, TO_DATE('17/12/2015', 'DD/MM/YYYY'), 37.4);
Call declare_health(11, TO_DATE('17/12/2015', 'DD/MM/YYYY'), 37.7);
Call declare_health(8, TO_DATE('17/12/2015', 'DD/MM/YYYY'), 34.7);

--SELECT * FROM non_compliance(TO_DATE('18/12/2015', 'DD/MM/YYYY'),TO_DATE('19/12/2015', 'DD/MM/YYYY'));

--SELECT contact_tracing(1);

--MY FUNCTIONS